body,fake,source
"Toyota, China’s CATL in partnership for new energy vehicle batteries<img width=""342"" height=""210"" src=""https://d2pggiv3o55wnc.cloudfront.net/oann/wp-content/uploads/2019/07/2019-07-17T060415Z_1_LYNXNPEF6G0BR_RTROPTP_0_CHINA-AUTOS-HYBRID_1-342x210.jpg"" class=""attachment-thumbnail size-thumbnail wp-post-image"" alt="""" style=""float:left; margin:0 15px 15px 0;"" srcset=""https://d2pggiv3o55wnc.cloudfront.net/oann/wp-content/uploads/2019/07/2019-07-17T060415Z_1_LYNXNPEF6G0BR_RTROPTP_0_CHINA-AUTOS-HYBRID_1-342x210.jpg 342w, https://d2pggiv3o55wnc.cloudfront.net/oann/wp-content/uploads/2019/07/2019-07-17T060415Z_1_LYNXNPEF6G0BR_RTROPTP_0_CHINA-AUTOS-HYBRID_1-768x471.jpg 768w, https://d2pggiv3o55wnc.cloudfront.net/oann/wp-content/uploads/2019/07/2019-07-17T060415Z_1_LYNXNPEF6G0BR_RTROPTP_0_CHINA-AUTOS-HYBRID_1-713x437.jpg 713w, https://d2pggiv3o55wnc.cloudfront.net/oann/wp-content/uploads/2019/07/2019-07-17T060415Z_1_LYNXNPEF6G0BR_RTROPTP_0_CHINA-AUTOS-HYBRID_1.jpg 799w"" sizes=""(max-width: 342px) 100vw, 342px"" />TOKYO (Reuters) - Toyota Motor Corp  has agreed to partner with China's Contemporary Amperex Technology Co Ltd (CATL)  to supply and develop batteries for new energy vehicles. ",1,OANN
"Ericsson says on track for 2020 targets as second-quarter profit matches forecasts<img width=""330"" height=""210"" src=""https://d2pggiv3o55wnc.cloudfront.net/oann/wp-content/uploads/2019/07/2019-07-17T054939Z_1_LYNXNPEF6G0B7_RTROPTP_0_ERICSSON-RESULTS_1-330x210.jpg"" class=""attachment-thumbnail size-thumbnail wp-post-image"" alt="""" style=""float:left; margin:0 15px 15px 0;"" srcset=""https://d2pggiv3o55wnc.cloudfront.net/oann/wp-content/uploads/2019/07/2019-07-17T054939Z_1_LYNXNPEF6G0B7_RTROPTP_0_ERICSSON-RESULTS_1-330x210.jpg 330w, https://d2pggiv3o55wnc.cloudfront.net/oann/wp-content/uploads/2019/07/2019-07-17T054939Z_1_LYNXNPEF6G0B7_RTROPTP_0_ERICSSON-RESULTS_1-768x489.jpg 768w, https://d2pggiv3o55wnc.cloudfront.net/oann/wp-content/uploads/2019/07/2019-07-17T054939Z_1_LYNXNPEF6G0B7_RTROPTP_0_ERICSSON-RESULTS_1-687x437.jpg 687w, https://d2pggiv3o55wnc.cloudfront.net/oann/wp-content/uploads/2019/07/2019-07-17T054939Z_1_LYNXNPEF6G0B7_RTROPTP_0_ERICSSON-RESULTS_1.jpg 800w"" sizes=""(max-width: 330px) 100vw, 330px"" />STOCKHOLM (Reuters) - Mobile network gear maker Ericsson  posted a second-quarter profit in line with expectations on Wednesday and said it was on track to meet its financial goals due to",1,OANN
"UK’s Johnson planning summer 2020 election: Times<img width=""343"" height=""210"" src=""https://d2pggiv3o55wnc.cloudfront.net/oann/wp-content/uploads/2019/07/2019-07-17T064817Z_1_LYNXNPEF6G0FQ_RTROPTP_0_BRITAIN-EU-LEADER-DEBATE_1-343x210.jpg"" class=""attachment-thumbnail size-thumbnail wp-post-image"" alt="""" style=""float:left; margin:0 15px 15px 0;"" srcset=""https://d2pggiv3o55wnc.cloudfront.net/oann/wp-content/uploads/2019/07/2019-07-17T064817Z_1_LYNXNPEF6G0FQ_RTROPTP_0_BRITAIN-EU-LEADER-DEBATE_1-343x210.jpg 343w, https://d2pggiv3o55wnc.cloudfront.net/oann/wp-content/uploads/2019/07/2019-07-17T064817Z_1_LYNXNPEF6G0FQ_RTROPTP_0_BRITAIN-EU-LEADER-DEBATE_1-768x470.jpg 768w, https://d2pggiv3o55wnc.cloudfront.net/oann/wp-content/uploads/2019/07/2019-07-17T064817Z_1_LYNXNPEF6G0FQ_RTROPTP_0_BRITAIN-EU-LEADER-DEBATE_1-713x437.jpg 713w, https://d2pggiv3o55wnc.cloudfront.net/oann/wp-content/uploads/2019/07/2019-07-17T064817Z_1_LYNXNPEF6G0FQ_RTROPTP_0_BRITAIN-EU-LEADER-DEBATE_1.jpg 800w"" sizes=""(max-width: 343px) 100vw, 343px"" />LONDON (Reuters) - Boris Johnson's team wants to hold a national election in the summer of 2020 and has started raising funds to hire more staff and prepare the Conservative Party for the contest, the",1,OANN
"Suu Kyi’s bid to reform charter sparks rival protests in Myanmar<img width=""267"" height=""210"" src=""https://d2pggiv3o55wnc.cloudfront.net/oann/wp-content/uploads/2019/07/2019-07-17T064219Z_1_LYNXNPEF6G0F8_RTROPTP_0_ASEAN-SUMMIT_1-267x210.jpg"" class=""attachment-thumbnail size-thumbnail wp-post-image"" alt="""" style=""float:left; margin:0 15px 15px 0;"" srcset=""https://d2pggiv3o55wnc.cloudfront.net/oann/wp-content/uploads/2019/07/2019-07-17T064219Z_1_LYNXNPEF6G0F8_RTROPTP_0_ASEAN-SUMMIT_1-267x210.jpg 267w, https://d2pggiv3o55wnc.cloudfront.net/oann/wp-content/uploads/2019/07/2019-07-17T064219Z_1_LYNXNPEF6G0F8_RTROPTP_0_ASEAN-SUMMIT_1-768x604.jpg 768w, https://d2pggiv3o55wnc.cloudfront.net/oann/wp-content/uploads/2019/07/2019-07-17T064219Z_1_LYNXNPEF6G0F8_RTROPTP_0_ASEAN-SUMMIT_1-556x437.jpg 556w, https://d2pggiv3o55wnc.cloudfront.net/oann/wp-content/uploads/2019/07/2019-07-17T064219Z_1_LYNXNPEF6G0F8_RTROPTP_0_ASEAN-SUMMIT_1.jpg 799w"" sizes=""(max-width: 267px) 100vw, 267px"" />By Thu Thu Aung and Zaw Naing Oo YANGON (Reuters) - Hundreds of people demonstrated in Myanmar's largest city, Yangon, on Wednesday in support of proposed constitutional amendments that would reduce",1,OANN
"Renault forms Chinese electric vehicles venture with Jiangling Motors<img width=""331"" height=""210"" src=""https://d2pggiv3o55wnc.cloudfront.net/oann/wp-content/uploads/2019/07/2019-07-17T063430Z_1_LYNXNPEF6G0EM_RTROPTP_0_RENAULT-SHAREHOLDERS_1-331x210.jpg"" class=""attachment-thumbnail size-thumbnail wp-post-image"" alt="""" style=""float:left; margin:0 15px 15px 0;"" srcset=""https://d2pggiv3o55wnc.cloudfront.net/oann/wp-content/uploads/2019/07/2019-07-17T063430Z_1_LYNXNPEF6G0EM_RTROPTP_0_RENAULT-SHAREHOLDERS_1-331x210.jpg 331w, https://d2pggiv3o55wnc.cloudfront.net/oann/wp-content/uploads/2019/07/2019-07-17T063430Z_1_LYNXNPEF6G0EM_RTROPTP_0_RENAULT-SHAREHOLDERS_1-768x487.jpg 768w, https://d2pggiv3o55wnc.cloudfront.net/oann/wp-content/uploads/2019/07/2019-07-17T063430Z_1_LYNXNPEF6G0EM_RTROPTP_0_RENAULT-SHAREHOLDERS_1-690x437.jpg 690w, https://d2pggiv3o55wnc.cloudfront.net/oann/wp-content/uploads/2019/07/2019-07-17T063430Z_1_LYNXNPEF6G0EM_RTROPTP_0_RENAULT-SHAREHOLDERS_1.jpg 800w"" sizes=""(max-width: 331px) 100vw, 331px"" />PARIS (Reuters) - Renault  has formed a joint venture partnership with Jiangling Motors Corporation Group (JMCG) to target the Chinese electric vehicles (EV) market, in a deal which will also",1,OANN
"Nissan, Volvo and FCA lead European sales decline<img width=""315"" height=""210"" src=""https://d2pggiv3o55wnc.cloudfront.net/oann/wp-content/uploads/2019/07/2019-07-17T063001Z_1_LYNXNPEF6G0E8_RTROPTP_0_NISSAN-SHAREHOLDERS_1-315x210.jpg"" class=""attachment-thumbnail size-thumbnail wp-post-image"" alt="""" style=""float:left; margin:0 15px 15px 0;"" srcset=""https://d2pggiv3o55wnc.cloudfront.net/oann/wp-content/uploads/2019/07/2019-07-17T063001Z_1_LYNXNPEF6G0E8_RTROPTP_0_NISSAN-SHAREHOLDERS_1-315x210.jpg 315w, https://d2pggiv3o55wnc.cloudfront.net/oann/wp-content/uploads/2019/07/2019-07-17T063001Z_1_LYNXNPEF6G0E8_RTROPTP_0_NISSAN-SHAREHOLDERS_1-768x512.jpg 768w, https://d2pggiv3o55wnc.cloudfront.net/oann/wp-content/uploads/2019/07/2019-07-17T063001Z_1_LYNXNPEF6G0E8_RTROPTP_0_NISSAN-SHAREHOLDERS_1-656x437.jpg 656w, https://d2pggiv3o55wnc.cloudfront.net/oann/wp-content/uploads/2019/07/2019-07-17T063001Z_1_LYNXNPEF6G0E8_RTROPTP_0_NISSAN-SHAREHOLDERS_1.jpg 800w"" sizes=""(max-width: 315px) 100vw, 315px"" />PARIS (Reuters) - European car sales dropped 7.9% in June, led by bigger declines for Nissan , Volvo and Fiat Chrysler (FCA) , according to industry data published on Wednesday. ",1,OANN
"How lithium-rich Chile botched a plan to attract battery makers<img width=""315"" height=""210"" src=""https://d2pggiv3o55wnc.cloudfront.net/oann/wp-content/uploads/2019/07/2019-07-17T051151Z_1_LYNXNPEF6G091_RTROPTP_0_CHILE-TIANQI-LITHIUM_1-315x210.jpg"" class=""attachment-thumbnail size-thumbnail wp-post-image"" alt="""" style=""float:left; margin:0 15px 15px 0;"" srcset=""https://d2pggiv3o55wnc.cloudfront.net/oann/wp-content/uploads/2019/07/2019-07-17T051151Z_1_LYNXNPEF6G091_RTROPTP_0_CHILE-TIANQI-LITHIUM_1-315x210.jpg 315w, https://d2pggiv3o55wnc.cloudfront.net/oann/wp-content/uploads/2019/07/2019-07-17T051151Z_1_LYNXNPEF6G091_RTROPTP_0_CHILE-TIANQI-LITHIUM_1-768x512.jpg 768w, https://d2pggiv3o55wnc.cloudfront.net/oann/wp-content/uploads/2019/07/2019-07-17T051151Z_1_LYNXNPEF6G091_RTROPTP_0_CHILE-TIANQI-LITHIUM_1-655x437.jpg 655w, https://d2pggiv3o55wnc.cloudfront.net/oann/wp-content/uploads/2019/07/2019-07-17T051151Z_1_LYNXNPEF6G091_RTROPTP_0_CHILE-TIANQI-LITHIUM_1.jpg 799w"" sizes=""(max-width: 315px) 100vw, 315px"" />By Dave Sherwood SANTIAGO (Reuters) - In March 2018, the Chilean government unveiled big news: Corporate investors, including South Korean electronics giant Samsung, would build three factories in",1,OANN
"Making sense of chaos? Algos scour social media for clues to crypto moves<img width=""315"" height=""210"" src=""https://d2pggiv3o55wnc.cloudfront.net/oann/wp-content/uploads/2019/07/2019-07-17T061918Z_2_LYNXNPEF6G0CR_RTROPTP_0_CRYPTO-CURRENCIES-ALGOS_1-315x210.jpg"" class=""attachment-thumbnail size-thumbnail wp-post-image"" alt="""" style=""float:left; margin:0 15px 15px 0;"" srcset=""https://d2pggiv3o55wnc.cloudfront.net/oann/wp-content/uploads/2019/07/2019-07-17T061918Z_2_LYNXNPEF6G0CR_RTROPTP_0_CRYPTO-CURRENCIES-ALGOS_1-315x210.jpg 315w, https://d2pggiv3o55wnc.cloudfront.net/oann/wp-content/uploads/2019/07/2019-07-17T061918Z_2_LYNXNPEF6G0CR_RTROPTP_0_CRYPTO-CURRENCIES-ALGOS_1-768x512.jpg 768w, https://d2pggiv3o55wnc.cloudfront.net/oann/wp-content/uploads/2019/07/2019-07-17T061918Z_2_LYNXNPEF6G0CR_RTROPTP_0_CRYPTO-CURRENCIES-ALGOS_1-656x437.jpg 656w, https://d2pggiv3o55wnc.cloudfront.net/oann/wp-content/uploads/2019/07/2019-07-17T061918Z_2_LYNXNPEF6G0CR_RTROPTP_0_CRYPTO-CURRENCIES-ALGOS_1.jpg 800w"" sizes=""(max-width: 315px) 100vw, 315px"" />By Tom Wilson and Simon Jessop LONDON (Reuters) - After months of relative calm in cryptocurrency markets, bitcoin exploded back into life in April with its sharpest price jump in over a year - but",1,OANN
"Bulgaria detains suspect in cyber attack on its tax agency<img width=""315"" height=""210"" src=""https://d2pggiv3o55wnc.cloudfront.net/oann/wp-content/uploads/2019/07/2019-07-17T055435Z_1_LYNXNPEF6G0BD_RTROPTP_0_BULGARIA-CYBERSECURITY_1-315x210.jpg"" class=""attachment-thumbnail size-thumbnail wp-post-image"" alt="""" style=""float:left; margin:0 15px 15px 0;"" srcset=""https://d2pggiv3o55wnc.cloudfront.net/oann/wp-content/uploads/2019/07/2019-07-17T055435Z_1_LYNXNPEF6G0BD_RTROPTP_0_BULGARIA-CYBERSECURITY_1-315x210.jpg 315w, https://d2pggiv3o55wnc.cloudfront.net/oann/wp-content/uploads/2019/07/2019-07-17T055435Z_1_LYNXNPEF6G0BD_RTROPTP_0_BULGARIA-CYBERSECURITY_1-768x512.jpg 768w, https://d2pggiv3o55wnc.cloudfront.net/oann/wp-content/uploads/2019/07/2019-07-17T055435Z_1_LYNXNPEF6G0BD_RTROPTP_0_BULGARIA-CYBERSECURITY_1-655x437.jpg 655w, https://d2pggiv3o55wnc.cloudfront.net/oann/wp-content/uploads/2019/07/2019-07-17T055435Z_1_LYNXNPEF6G0BD_RTROPTP_0_BULGARIA-CYBERSECURITY_1.jpg 799w"" sizes=""(max-width: 315px) 100vw, 315px"" />SOFIA (Reuters) - Bulgarian police have detained a suspect in a hacking attack on the Balkan country's National Revenue Agency that led to the leak of personal and financial data of millions of people",1,OANN
"Renault forms China electric vehicle venture with JMCG<img width=""314"" height=""210"" src=""https://d2pggiv3o55wnc.cloudfront.net/oann/wp-content/uploads/2019/07/2019-07-17T062625Z_1_LYNXNPEF6G0E5_RTROPTP_0_RENAULT-SHAREHOLDERS_1-314x210.jpg"" class=""attachment-thumbnail size-thumbnail wp-post-image"" alt="""" style=""float:left; margin:0 15px 15px 0;"" srcset=""https://d2pggiv3o55wnc.cloudfront.net/oann/wp-content/uploads/2019/07/2019-07-17T062625Z_1_LYNXNPEF6G0E5_RTROPTP_0_RENAULT-SHAREHOLDERS_1-314x210.jpg 314w, https://d2pggiv3o55wnc.cloudfront.net/oann/wp-content/uploads/2019/07/2019-07-17T062625Z_1_LYNXNPEF6G0E5_RTROPTP_0_RENAULT-SHAREHOLDERS_1-768x514.jpg 768w, https://d2pggiv3o55wnc.cloudfront.net/oann/wp-content/uploads/2019/07/2019-07-17T062625Z_1_LYNXNPEF6G0E5_RTROPTP_0_RENAULT-SHAREHOLDERS_1-653x437.jpg 653w, https://d2pggiv3o55wnc.cloudfront.net/oann/wp-content/uploads/2019/07/2019-07-17T062625Z_1_LYNXNPEF6G0E5_RTROPTP_0_RENAULT-SHAREHOLDERS_1.jpg 799w"" sizes=""(max-width: 314px) 100vw, 314px"" />BEIJING (Reuters) - France's Renault SA said on Wednesday it will invest $145 million in a unit of China's Jiangling Motors Corporation Group (JMCG) that will allow it to expand its electric vehicle",1,OANN
body,fake,source
"Indonesia central bank says indicators show improvement in economy in third quarter<img width=""315"" height=""210"" src=""https://d2pggiv3o55wnc.cloudfront.net/oann/wp-content/uploads/2019/07/2019-07-19T062225Z_1_LYNXNPEF6I0DJ_RTROPTP_0_INDONESIA-ECONOMY_1-315x210.jpg"" class=""attachment-thumbnail size-thumbnail wp-post-image"" alt="""" style=""float:left; margin:0 15px 15px 0;"" srcset=""https://d2pggiv3o55wnc.cloudfront.net/oann/wp-content/uploads/2019/07/2019-07-19T062225Z_1_LYNXNPEF6I0DJ_RTROPTP_0_INDONESIA-ECONOMY_1-315x210.jpg 315w, https://d2pggiv3o55wnc.cloudfront.net/oann/wp-content/uploads/2019/07/2019-07-19T062225Z_1_LYNXNPEF6I0DJ_RTROPTP_0_INDONESIA-ECONOMY_1-768x512.jpg 768w, https://d2pggiv3o55wnc.cloudfront.net/oann/wp-content/uploads/2019/07/2019-07-19T062225Z_1_LYNXNPEF6I0DJ_RTROPTP_0_INDONESIA-ECONOMY_1-655x437.jpg 655w, https://d2pggiv3o55wnc.cloudfront.net/oann/wp-content/uploads/2019/07/2019-07-19T062225Z_1_LYNXNPEF6I0DJ_RTROPTP_0_INDONESIA-ECONOMY_1.jpg 799w"" sizes=""(max-width: 315px) 100vw, 315px"" />JAKARTA (Reuters) - Indonesia's economic indicators, including results of business and banking surveys, showed an improvement in activity at the start of the third quarter of this year, Bank Indonesia",1,OANN
"Talks between Venezuela government and opposition continuing, says mediator Norway<img width=""314"" height=""210"" src=""https://d2pggiv3o55wnc.cloudfront.net/oann/wp-content/uploads/2019/07/2019-07-19T060505Z_1_LYNXNPEF6I0D6_RTROPTP_0_VENEZUELA-POLITICS_1-314x210.jpg"" class=""attachment-thumbnail size-thumbnail wp-post-image"" alt="""" style=""float:left; margin:0 15px 15px 0;"" srcset=""https://d2pggiv3o55wnc.cloudfront.net/oann/wp-content/uploads/2019/07/2019-07-19T060505Z_1_LYNXNPEF6I0D6_RTROPTP_0_VENEZUELA-POLITICS_1-314x210.jpg 314w, https://d2pggiv3o55wnc.cloudfront.net/oann/wp-content/uploads/2019/07/2019-07-19T060505Z_1_LYNXNPEF6I0D6_RTROPTP_0_VENEZUELA-POLITICS_1-768x514.jpg 768w, https://d2pggiv3o55wnc.cloudfront.net/oann/wp-content/uploads/2019/07/2019-07-19T060505Z_1_LYNXNPEF6I0D6_RTROPTP_0_VENEZUELA-POLITICS_1-653x437.jpg 653w, https://d2pggiv3o55wnc.cloudfront.net/oann/wp-content/uploads/2019/07/2019-07-19T060505Z_1_LYNXNPEF6I0D6_RTROPTP_0_VENEZUELA-POLITICS_1.jpg 799w"" sizes=""(max-width: 314px) 100vw, 314px"" />OSLO (Reuters) - Talks between the government of Venezuelan President Nicolas Maduro and the opposition are continuing in Barbados, the foreign ministry from mediator Norway said late on Thursday in a",1,OANN
"Asia stocks firm as Fed props up rate cut expectations<img width=""303"" height=""210"" src=""https://d2pggiv3o55wnc.cloudfront.net/oann/wp-content/uploads/2019/07/2019-07-19T011456Z_1_LYNXNPEF6I042_RTROPTP_0_GLOBAL-MARKETS-JAPAN_1-303x210.jpg"" class=""attachment-thumbnail size-thumbnail wp-post-image"" alt="""" style=""float:left; margin:0 15px 15px 0;"" srcset=""https://d2pggiv3o55wnc.cloudfront.net/oann/wp-content/uploads/2019/07/2019-07-19T011456Z_1_LYNXNPEF6I042_RTROPTP_0_GLOBAL-MARKETS-JAPAN_1-303x210.jpg 303w, https://d2pggiv3o55wnc.cloudfront.net/oann/wp-content/uploads/2019/07/2019-07-19T011456Z_1_LYNXNPEF6I042_RTROPTP_0_GLOBAL-MARKETS-JAPAN_1-768x533.jpg 768w, https://d2pggiv3o55wnc.cloudfront.net/oann/wp-content/uploads/2019/07/2019-07-19T011456Z_1_LYNXNPEF6I042_RTROPTP_0_GLOBAL-MARKETS-JAPAN_1-630x437.jpg 630w, https://d2pggiv3o55wnc.cloudfront.net/oann/wp-content/uploads/2019/07/2019-07-19T011456Z_1_LYNXNPEF6I042_RTROPTP_0_GLOBAL-MARKETS-JAPAN_1.jpg 800w"" sizes=""(max-width: 303px) 100vw, 303px"" />By Shinichi Saoshiro TOKYO (Reuters) - Asian stocks rose on Friday after a top Federal Reserve official cemented expectations of a U.S. interest rate cut later this month, fuelling appetite for",1,OANN
"Animation fans lay flowers, pay respects at Japan studio ravaged by arson<img width=""292"" height=""210"" src=""https://d2pggiv3o55wnc.cloudfront.net/oann/wp-content/uploads/2019/07/2019-07-19T042718Z_2_LYNXNPEF6I08V_RTROPTP_0_JAPAN-FIRE_1-292x210.jpg"" class=""attachment-thumbnail size-thumbnail wp-post-image"" alt="""" style=""float:left; margin:0 15px 15px 0;"" srcset=""https://d2pggiv3o55wnc.cloudfront.net/oann/wp-content/uploads/2019/07/2019-07-19T042718Z_2_LYNXNPEF6I08V_RTROPTP_0_JAPAN-FIRE_1-292x210.jpg 292w, https://d2pggiv3o55wnc.cloudfront.net/oann/wp-content/uploads/2019/07/2019-07-19T042718Z_2_LYNXNPEF6I08V_RTROPTP_0_JAPAN-FIRE_1-768x553.jpg 768w, https://d2pggiv3o55wnc.cloudfront.net/oann/wp-content/uploads/2019/07/2019-07-19T042718Z_2_LYNXNPEF6I08V_RTROPTP_0_JAPAN-FIRE_1-607x437.jpg 607w, https://d2pggiv3o55wnc.cloudfront.net/oann/wp-content/uploads/2019/07/2019-07-19T042718Z_2_LYNXNPEF6I08V_RTROPTP_0_JAPAN-FIRE_1.jpg 800w"" sizes=""(max-width: 292px) 100vw, 292px"" />By Tim Kelly KYOTO, Japan (Reuters) - Animation fans gathered at the site of Japan's worst mass killing in 18 years on Friday, laying flowers and offering prayers for the 33 people killed in an arson",1,OANN
"Suspected arsonist planned Japan’s worst mass killing in 18 years: media<img width=""315"" height=""210"" src=""https://d2pggiv3o55wnc.cloudfront.net/oann/wp-content/uploads/2019/07/2019-07-19T005507Z_1_LYNXNPEF6I01P_RTROPTP_0_JAPAN-FIRE_1-315x210.jpg"" class=""attachment-thumbnail size-thumbnail wp-post-image"" alt="""" style=""float:left; margin:0 15px 15px 0;"" srcset=""https://d2pggiv3o55wnc.cloudfront.net/oann/wp-content/uploads/2019/07/2019-07-19T005507Z_1_LYNXNPEF6I01P_RTROPTP_0_JAPAN-FIRE_1-315x210.jpg 315w, https://d2pggiv3o55wnc.cloudfront.net/oann/wp-content/uploads/2019/07/2019-07-19T005507Z_1_LYNXNPEF6I01P_RTROPTP_0_JAPAN-FIRE_1-768x512.jpg 768w, https://d2pggiv3o55wnc.cloudfront.net/oann/wp-content/uploads/2019/07/2019-07-19T005507Z_1_LYNXNPEF6I01P_RTROPTP_0_JAPAN-FIRE_1-655x437.jpg 655w, https://d2pggiv3o55wnc.cloudfront.net/oann/wp-content/uploads/2019/07/2019-07-19T005507Z_1_LYNXNPEF6I01P_RTROPTP_0_JAPAN-FIRE_1.jpg 799w"" sizes=""(max-width: 315px) 100vw, 315px"" />By Tim Kelly KYOTO, Japan (Reuters) - A man suspected of torching an animation studio in western Japan shouted that he had been plagiarized and appeared to have planned the attack, media said on",1,OANN
"Blast near Afghan university kills six, injures 27<img width=""296"" height=""210"" src=""https://d2pggiv3o55wnc.cloudfront.net/oann/wp-content/uploads/2019/07/2019-07-19T043536Z_1_LYNXNPEF6I095_RTROPTP_0_AFGHANISTAN-BLAST_1-296x210.jpg"" class=""attachment-thumbnail size-thumbnail wp-post-image"" alt="""" style=""float:left; margin:0 15px 15px 0;"" srcset=""https://d2pggiv3o55wnc.cloudfront.net/oann/wp-content/uploads/2019/07/2019-07-19T043536Z_1_LYNXNPEF6I095_RTROPTP_0_AFGHANISTAN-BLAST_1-296x210.jpg 296w, https://d2pggiv3o55wnc.cloudfront.net/oann/wp-content/uploads/2019/07/2019-07-19T043536Z_1_LYNXNPEF6I095_RTROPTP_0_AFGHANISTAN-BLAST_1-768x545.jpg 768w, https://d2pggiv3o55wnc.cloudfront.net/oann/wp-content/uploads/2019/07/2019-07-19T043536Z_1_LYNXNPEF6I095_RTROPTP_0_AFGHANISTAN-BLAST_1-615x437.jpg 615w, https://d2pggiv3o55wnc.cloudfront.net/oann/wp-content/uploads/2019/07/2019-07-19T043536Z_1_LYNXNPEF6I095_RTROPTP_0_AFGHANISTAN-BLAST_1.jpg 800w"" sizes=""(max-width: 296px) 100vw, 296px"" />KABUL (Reuters) - An explosion on Friday near a gate to the campus of Kabul University in the Afghan capital killed six people and injured at least 27 as students waited to take an examination,",1,OANN
"From beer to pens, South Koreans boycott Japanese brands as diplomatic row intensifies<img width=""299"" height=""210"" src=""https://d2pggiv3o55wnc.cloudfront.net/oann/wp-content/uploads/2019/07/2019-07-19T033439Z_1_LYNXNPEF6I078_RTROPTP_0_SOUTHKOREA-JAPAN-LABORERS-BOYCOTT_1-299x210.jpg"" class=""attachment-thumbnail size-thumbnail wp-post-image"" alt="""" style=""float:left; margin:0 15px 15px 0;"" srcset=""https://d2pggiv3o55wnc.cloudfront.net/oann/wp-content/uploads/2019/07/2019-07-19T033439Z_1_LYNXNPEF6I078_RTROPTP_0_SOUTHKOREA-JAPAN-LABORERS-BOYCOTT_1-299x210.jpg 299w, https://d2pggiv3o55wnc.cloudfront.net/oann/wp-content/uploads/2019/07/2019-07-19T033439Z_1_LYNXNPEF6I078_RTROPTP_0_SOUTHKOREA-JAPAN-LABORERS-BOYCOTT_1-768x539.jpg 768w, https://d2pggiv3o55wnc.cloudfront.net/oann/wp-content/uploads/2019/07/2019-07-19T033439Z_1_LYNXNPEF6I078_RTROPTP_0_SOUTHKOREA-JAPAN-LABORERS-BOYCOTT_1-623x437.jpg 623w, https://d2pggiv3o55wnc.cloudfront.net/oann/wp-content/uploads/2019/07/2019-07-19T033439Z_1_LYNXNPEF6I078_RTROPTP_0_SOUTHKOREA-JAPAN-LABORERS-BOYCOTT_1.jpg 800w"" sizes=""(max-width: 299px) 100vw, 299px"" />By Joori Roh SEOUL (Reuters) - As soon as supermarket manager Cho Min-hyuk got to work the day after Tokyo imposed curbs on exports to South Korea, he pulled all Japanese products off the shelves. ",1,OANN
"Oil jumps after U.S. Navy downs Iranian drone<img width=""366"" height=""210"" src=""https://d2pggiv3o55wnc.cloudfront.net/oann/wp-content/uploads/2019/07/2019-07-19T034631Z_2_LYNXNPEF6I04V_RTROPTP_0_GLOBAL-PETROLEUM_1-366x210.jpg"" class=""attachment-thumbnail size-thumbnail wp-post-image"" alt="""" style=""float:left; margin:0 15px 15px 0;"" srcset=""https://d2pggiv3o55wnc.cloudfront.net/oann/wp-content/uploads/2019/07/2019-07-19T034631Z_2_LYNXNPEF6I04V_RTROPTP_0_GLOBAL-PETROLEUM_1-366x210.jpg 366w, https://d2pggiv3o55wnc.cloudfront.net/oann/wp-content/uploads/2019/07/2019-07-19T034631Z_2_LYNXNPEF6I04V_RTROPTP_0_GLOBAL-PETROLEUM_1-768x440.jpg 768w, https://d2pggiv3o55wnc.cloudfront.net/oann/wp-content/uploads/2019/07/2019-07-19T034631Z_2_LYNXNPEF6I04V_RTROPTP_0_GLOBAL-PETROLEUM_1-762x437.jpg 762w, https://d2pggiv3o55wnc.cloudfront.net/oann/wp-content/uploads/2019/07/2019-07-19T034631Z_2_LYNXNPEF6I04V_RTROPTP_0_GLOBAL-PETROLEUM_1.jpg 799w"" sizes=""(max-width: 366px) 100vw, 366px"" />By Aaron Sheldrick and Koustav Samanta TOKYO/SINGAPORE (Reuters) - Oil prices rose nearly 2% on Friday as tensions brewed again in the Middle East after a U.S. ",1,OANN
"U.S. says Navy ship ‘destroyed’ Iranian drone in Gulf<img width=""321"" height=""210"" src=""https://d2pggiv3o55wnc.cloudfront.net/oann/wp-content/uploads/2019/07/2019-07-18T191744Z_1_LYNXNPEF6H1VV_RTROPTP_0_IRAN-NUCLEAR-IAEA_1-321x210.jpg"" class=""attachment-thumbnail size-thumbnail wp-post-image"" alt="""" style=""float:left; margin:0 15px 15px 0;"" srcset=""https://d2pggiv3o55wnc.cloudfront.net/oann/wp-content/uploads/2019/07/2019-07-18T191744Z_1_LYNXNPEF6H1VV_RTROPTP_0_IRAN-NUCLEAR-IAEA_1-321x210.jpg 321w, https://d2pggiv3o55wnc.cloudfront.net/oann/wp-content/uploads/2019/07/2019-07-18T191744Z_1_LYNXNPEF6H1VV_RTROPTP_0_IRAN-NUCLEAR-IAEA_1-768x503.jpg 768w, https://d2pggiv3o55wnc.cloudfront.net/oann/wp-content/uploads/2019/07/2019-07-18T191744Z_1_LYNXNPEF6H1VV_RTROPTP_0_IRAN-NUCLEAR-IAEA_1-667x437.jpg 667w, https://d2pggiv3o55wnc.cloudfront.net/oann/wp-content/uploads/2019/07/2019-07-18T191744Z_1_LYNXNPEF6H1VV_RTROPTP_0_IRAN-NUCLEAR-IAEA_1.jpg 800w"" sizes=""(max-width: 321px) 100vw, 321px"" />By Steve Holland and Idrees Ali WASHINGTON (Reuters) - The United States said on Thursday that a U.S. ",1,OANN
"MLB roundup: Strasburg knocks in 5, earns 12th win<img width=""315"" height=""210"" src=""https://d2pggiv3o55wnc.cloudfront.net/oann/wp-content/uploads/2019/07/2019-07-19T052039Z_1_LYNXNPEF6I0AN_RTROPTP_0_BASEBALL-MLB-ATL-WAS_1-315x210.jpg"" class=""attachment-thumbnail size-thumbnail wp-post-image"" alt="""" style=""float:left; margin:0 15px 15px 0;"" srcset=""https://d2pggiv3o55wnc.cloudfront.net/oann/wp-content/uploads/2019/07/2019-07-19T052039Z_1_LYNXNPEF6I0AN_RTROPTP_0_BASEBALL-MLB-ATL-WAS_1-315x210.jpg 315w, https://d2pggiv3o55wnc.cloudfront.net/oann/wp-content/uploads/2019/07/2019-07-19T052039Z_1_LYNXNPEF6I0AN_RTROPTP_0_BASEBALL-MLB-ATL-WAS_1-768x512.jpg 768w, https://d2pggiv3o55wnc.cloudfront.net/oann/wp-content/uploads/2019/07/2019-07-19T052039Z_1_LYNXNPEF6I0AN_RTROPTP_0_BASEBALL-MLB-ATL-WAS_1-656x437.jpg 656w, https://d2pggiv3o55wnc.cloudfront.net/oann/wp-content/uploads/2019/07/2019-07-19T052039Z_1_LYNXNPEF6I0AN_RTROPTP_0_BASEBALL-MLB-ATL-WAS_1.jpg 800w"" sizes=""(max-width: 315px) 100vw, 315px"" />Stephen Strasburg did it all for the visiting Washington Nationals on Thursday, earning his National League-leading 12th win, hitting a three-run homer and driving in five runs in a 13-4 victory over",1,OANN
body,fake,source
"Clariant CEO exits after 10 months amid key talks with SABIC<img width=""286"" height=""210"" src=""https://d2pggiv3o55wnc.cloudfront.net/oann/wp-content/uploads/2019/07/2019-07-24T051905Z_1_LYNXNPEF6N08Q_RTROPTP_0_CLARIANT-RESULTS_1-286x210.jpg"" class=""attachment-thumbnail size-thumbnail wp-post-image"" alt="""" style=""float:left; margin:0 15px 15px 0;"" srcset=""https://d2pggiv3o55wnc.cloudfront.net/oann/wp-content/uploads/2019/07/2019-07-24T051905Z_1_LYNXNPEF6N08Q_RTROPTP_0_CLARIANT-RESULTS_1-286x210.jpg 286w, https://d2pggiv3o55wnc.cloudfront.net/oann/wp-content/uploads/2019/07/2019-07-24T051905Z_1_LYNXNPEF6N08Q_RTROPTP_0_CLARIANT-RESULTS_1-768x564.jpg 768w, https://d2pggiv3o55wnc.cloudfront.net/oann/wp-content/uploads/2019/07/2019-07-24T051905Z_1_LYNXNPEF6N08Q_RTROPTP_0_CLARIANT-RESULTS_1-595x437.jpg 595w, https://d2pggiv3o55wnc.cloudfront.net/oann/wp-content/uploads/2019/07/2019-07-24T051905Z_1_LYNXNPEF6N08Q_RTROPTP_0_CLARIANT-RESULTS_1.jpg 800w"" sizes=""(max-width: 286px) 100vw, 286px"" />By John Miller ZURICH (Reuters) - Clariant  Chief Executive Ernesto Ochiello has quit after just 10 months, an abrupt move that comes as the Swiss specialty chemicals maker negotiates with 25%",1,OANN
"Missing Canada teens now suspects in murder of tourists<img width=""315"" height=""210"" src=""https://d2pggiv3o55wnc.cloudfront.net/oann/wp-content/uploads/2019/07/2019-07-23T185957Z_1_LYNXNPEF6M1IL_RTROPTP_0_CANADA-DEATHS-COUPLE_1-315x210.jpg"" class=""attachment-thumbnail size-thumbnail wp-post-image"" alt="""" style=""float:left; margin:0 15px 15px 0;"" srcset=""https://d2pggiv3o55wnc.cloudfront.net/oann/wp-content/uploads/2019/07/2019-07-23T185957Z_1_LYNXNPEF6M1IL_RTROPTP_0_CANADA-DEATHS-COUPLE_1-315x210.jpg 315w, https://d2pggiv3o55wnc.cloudfront.net/oann/wp-content/uploads/2019/07/2019-07-23T185957Z_1_LYNXNPEF6M1IL_RTROPTP_0_CANADA-DEATHS-COUPLE_1-768x512.jpg 768w, https://d2pggiv3o55wnc.cloudfront.net/oann/wp-content/uploads/2019/07/2019-07-23T185957Z_1_LYNXNPEF6M1IL_RTROPTP_0_CANADA-DEATHS-COUPLE_1-656x437.jpg 656w, https://d2pggiv3o55wnc.cloudfront.net/oann/wp-content/uploads/2019/07/2019-07-23T185957Z_1_LYNXNPEF6M1IL_RTROPTP_0_CANADA-DEATHS-COUPLE_1.jpg 800w"" sizes=""(max-width: 315px) 100vw, 315px"" />By Moira Warburton (Reuters) - Two teenagers, first categorized as missing in Canada, are now suspects in the murder of an Australian tourist, his American girlfriend and an unidentified man whose",1,OANN
"Daimler second-quarter hammered by one-off, diesel charges<img width=""315"" height=""210"" src=""https://d2pggiv3o55wnc.cloudfront.net/oann/wp-content/uploads/2019/07/2019-07-24T052019Z_1_LYNXNPEF6N08S_RTROPTP_0_DAIMLER-RESULTS_1-315x210.jpg"" class=""attachment-thumbnail size-thumbnail wp-post-image"" alt="""" style=""float:left; margin:0 15px 15px 0;"" srcset=""https://d2pggiv3o55wnc.cloudfront.net/oann/wp-content/uploads/2019/07/2019-07-24T052019Z_1_LYNXNPEF6N08S_RTROPTP_0_DAIMLER-RESULTS_1-315x210.jpg 315w, https://d2pggiv3o55wnc.cloudfront.net/oann/wp-content/uploads/2019/07/2019-07-24T052019Z_1_LYNXNPEF6N08S_RTROPTP_0_DAIMLER-RESULTS_1-768x512.jpg 768w, https://d2pggiv3o55wnc.cloudfront.net/oann/wp-content/uploads/2019/07/2019-07-24T052019Z_1_LYNXNPEF6N08S_RTROPTP_0_DAIMLER-RESULTS_1-655x437.jpg 655w, https://d2pggiv3o55wnc.cloudfront.net/oann/wp-content/uploads/2019/07/2019-07-24T052019Z_1_LYNXNPEF6N08S_RTROPTP_0_DAIMLER-RESULTS_1.jpg 799w"" sizes=""(max-width: 315px) 100vw, 315px"" />FRANKFURT (Reuters) - Luxury car maker Daimler  said it would intensify cost cuts after legal risks for diesel-related issues and the cost of replacing Takata airbags triggered a 1.56",1,OANN
"Warren Buffett’s charity lunch postponed after cryptocurrency promoter falls ill<img width=""315"" height=""210"" src=""https://d2pggiv3o55wnc.cloudfront.net/oann/wp-content/uploads/2019/07/2019-07-23T062652Z_1_LYNXNPEF6M0BF_RTROPTP_0_BUFFETT-LUNCH_1-315x210.jpg"" class=""attachment-thumbnail size-thumbnail wp-post-image"" alt="""" style=""float:left; margin:0 15px 15px 0;"" srcset=""https://d2pggiv3o55wnc.cloudfront.net/oann/wp-content/uploads/2019/07/2019-07-23T062652Z_1_LYNXNPEF6M0BF_RTROPTP_0_BUFFETT-LUNCH_1-315x210.jpg 315w, https://d2pggiv3o55wnc.cloudfront.net/oann/wp-content/uploads/2019/07/2019-07-23T062652Z_1_LYNXNPEF6M0BF_RTROPTP_0_BUFFETT-LUNCH_1-768x512.jpg 768w, https://d2pggiv3o55wnc.cloudfront.net/oann/wp-content/uploads/2019/07/2019-07-23T062652Z_1_LYNXNPEF6M0BF_RTROPTP_0_BUFFETT-LUNCH_1-655x437.jpg 655w, https://d2pggiv3o55wnc.cloudfront.net/oann/wp-content/uploads/2019/07/2019-07-23T062652Z_1_LYNXNPEF6M0BF_RTROPTP_0_BUFFETT-LUNCH_1.jpg 799w"" sizes=""(max-width: 315px) 100vw, 315px"" />NEW YORK/HONG KONG (Reuters) - Chinese cryptocurrency entrepreneur Justin Sun postponed his $4.57 million charity lunch with Warren Buffett after falling ill with kidney stones, according to a",1,OANN
"Italian banks consider conditions set by CCB for Carige rescue unacceptable: press<img width=""364"" height=""210"" src=""https://d2pggiv3o55wnc.cloudfront.net/oann/wp-content/uploads/2019/07/2019-07-24T054148Z_1_LYNXNPEF6N09V_RTROPTP_0_EUROZONE-BANKS-ITALY-CARIGE_1-364x210.jpg"" class=""attachment-thumbnail size-thumbnail wp-post-image"" alt="""" style=""float:left; margin:0 15px 15px 0;"" srcset=""https://d2pggiv3o55wnc.cloudfront.net/oann/wp-content/uploads/2019/07/2019-07-24T054148Z_1_LYNXNPEF6N09V_RTROPTP_0_EUROZONE-BANKS-ITALY-CARIGE_1-364x210.jpg 364w, https://d2pggiv3o55wnc.cloudfront.net/oann/wp-content/uploads/2019/07/2019-07-24T054148Z_1_LYNXNPEF6N09V_RTROPTP_0_EUROZONE-BANKS-ITALY-CARIGE_1-768x443.jpg 768w, https://d2pggiv3o55wnc.cloudfront.net/oann/wp-content/uploads/2019/07/2019-07-24T054148Z_1_LYNXNPEF6N09V_RTROPTP_0_EUROZONE-BANKS-ITALY-CARIGE_1-758x437.jpg 758w, https://d2pggiv3o55wnc.cloudfront.net/oann/wp-content/uploads/2019/07/2019-07-24T054148Z_1_LYNXNPEF6N09V_RTROPTP_0_EUROZONE-BANKS-ITALY-CARIGE_1.jpg 800w"" sizes=""(max-width: 364px) 100vw, 364px"" />MILAN (Reuters) - Italian depositor guarantee fund FITD, financed by the country's lenders, does not consider acceptable some of the conditions set by cooperative bank Cassa Centrale Banca to join a",1,OANN
"Deutsche Bank posts second quarter loss of $3.51 billion on restructuring costs<img width=""308"" height=""210"" src=""https://d2pggiv3o55wnc.cloudfront.net/oann/wp-content/uploads/2019/07/2019-07-24T051412Z_1_LYNXNPEF6N08H_RTROPTP_0_DEUTSCHE-BANK-RESULTS_1-308x210.jpg"" class=""attachment-thumbnail size-thumbnail wp-post-image"" alt="""" style=""float:left; margin:0 15px 15px 0;"" srcset=""https://d2pggiv3o55wnc.cloudfront.net/oann/wp-content/uploads/2019/07/2019-07-24T051412Z_1_LYNXNPEF6N08H_RTROPTP_0_DEUTSCHE-BANK-RESULTS_1-308x210.jpg 308w, https://d2pggiv3o55wnc.cloudfront.net/oann/wp-content/uploads/2019/07/2019-07-24T051412Z_1_LYNXNPEF6N08H_RTROPTP_0_DEUTSCHE-BANK-RESULTS_1-768x524.jpg 768w, https://d2pggiv3o55wnc.cloudfront.net/oann/wp-content/uploads/2019/07/2019-07-24T051412Z_1_LYNXNPEF6N08H_RTROPTP_0_DEUTSCHE-BANK-RESULTS_1-641x437.jpg 641w, https://d2pggiv3o55wnc.cloudfront.net/oann/wp-content/uploads/2019/07/2019-07-24T051412Z_1_LYNXNPEF6N08H_RTROPTP_0_DEUTSCHE-BANK-RESULTS_1.jpg 799w"" sizes=""(max-width: 308px) 100vw, 308px"" />FRANKFURT (Reuters) - Deutsche Bank  on Wednesday said the German company posted a larger-than-expected loss of 3.15 billion euros ($3.51 billion) in the second quarter due to major",1,OANN
"PSA Group profit jumps on pricing, Opel synergies<img width=""315"" height=""210"" src=""https://d2pggiv3o55wnc.cloudfront.net/oann/wp-content/uploads/2019/07/2019-07-24T054337Z_1_LYNXNPEF6N09X_RTROPTP_0_PSA-RESULTS_1-315x210.jpg"" class=""attachment-thumbnail size-thumbnail wp-post-image"" alt="""" style=""float:left; margin:0 15px 15px 0;"" srcset=""https://d2pggiv3o55wnc.cloudfront.net/oann/wp-content/uploads/2019/07/2019-07-24T054337Z_1_LYNXNPEF6N09X_RTROPTP_0_PSA-RESULTS_1-315x210.jpg 315w, https://d2pggiv3o55wnc.cloudfront.net/oann/wp-content/uploads/2019/07/2019-07-24T054337Z_1_LYNXNPEF6N09X_RTROPTP_0_PSA-RESULTS_1-768x512.jpg 768w, https://d2pggiv3o55wnc.cloudfront.net/oann/wp-content/uploads/2019/07/2019-07-24T054337Z_1_LYNXNPEF6N09X_RTROPTP_0_PSA-RESULTS_1-655x437.jpg 655w, https://d2pggiv3o55wnc.cloudfront.net/oann/wp-content/uploads/2019/07/2019-07-24T054337Z_1_LYNXNPEF6N09X_RTROPTP_0_PSA-RESULTS_1.jpg 799w"" sizes=""(max-width: 315px) 100vw, 315px"" />PARIS (Reuters) - French carmaker PSA Group  delivered a sharp increase in first-half profit, as new models and the integration of Opel-Vauxhall more than made up for weaker emerging-market",1,OANN
"Japan’s Tepco to decommission second, undamaged Fukushima nuclear plant: Kyodo<img width=""326"" height=""210"" src=""https://d2pggiv3o55wnc.cloudfront.net/oann/wp-content/uploads/2019/07/2019-07-24T023548Z_1_LYNXNPEF6N03R_RTROPTP_0_JAPAN_1-326x210.jpg"" class=""attachment-thumbnail size-thumbnail wp-post-image"" alt="""" style=""float:left; margin:0 15px 15px 0;"" srcset=""https://d2pggiv3o55wnc.cloudfront.net/oann/wp-content/uploads/2019/07/2019-07-24T023548Z_1_LYNXNPEF6N03R_RTROPTP_0_JAPAN_1-326x210.jpg 326w, https://d2pggiv3o55wnc.cloudfront.net/oann/wp-content/uploads/2019/07/2019-07-24T023548Z_1_LYNXNPEF6N03R_RTROPTP_0_JAPAN_1-768x495.jpg 768w, https://d2pggiv3o55wnc.cloudfront.net/oann/wp-content/uploads/2019/07/2019-07-24T023548Z_1_LYNXNPEF6N03R_RTROPTP_0_JAPAN_1-678x437.jpg 678w, https://d2pggiv3o55wnc.cloudfront.net/oann/wp-content/uploads/2019/07/2019-07-24T023548Z_1_LYNXNPEF6N03R_RTROPTP_0_JAPAN_1.jpg 800w"" sizes=""(max-width: 326px) 100vw, 326px"" />TOKYO (Reuters) - Tokyo Electric Power plans to scrap its Fukushima Daini nuclear station, located a few miles south of the bigger Fukushima Daiichi plant where three reactors melted down in 2011",1,OANN
"KKR devours Tim Tam biscuits maker in $2.2 billion deal with Campbell<img width=""315"" height=""210"" src=""https://d2pggiv3o55wnc.cloudfront.net/oann/wp-content/uploads/2019/07/2019-07-24T045254Z_3_LYNXNPEF6N00W_RTROPTP_0_USA-STOCKS_1-315x210.jpg"" class=""attachment-thumbnail size-thumbnail wp-post-image"" alt="""" style=""float:left; margin:0 15px 15px 0;"" srcset=""https://d2pggiv3o55wnc.cloudfront.net/oann/wp-content/uploads/2019/07/2019-07-24T045254Z_3_LYNXNPEF6N00W_RTROPTP_0_USA-STOCKS_1-315x210.jpg 315w, https://d2pggiv3o55wnc.cloudfront.net/oann/wp-content/uploads/2019/07/2019-07-24T045254Z_3_LYNXNPEF6N00W_RTROPTP_0_USA-STOCKS_1-768x512.jpg 768w, https://d2pggiv3o55wnc.cloudfront.net/oann/wp-content/uploads/2019/07/2019-07-24T045254Z_3_LYNXNPEF6N00W_RTROPTP_0_USA-STOCKS_1-655x437.jpg 655w, https://d2pggiv3o55wnc.cloudfront.net/oann/wp-content/uploads/2019/07/2019-07-24T045254Z_3_LYNXNPEF6N00W_RTROPTP_0_USA-STOCKS_1.jpg 799w"" sizes=""(max-width: 315px) 100vw, 315px"" />By Paulina Duran and Byron Kaye SYDNEY (Reuters) - KKR &#38; Co  said it is buying Campbell Soup Co's  Australian snacks unit Arnott's that will give it ownership of top-selling biscuit",1,OANN
"U.S. security adviser Bolton meets South Korean officials, seeks stronger ties<img width=""298"" height=""210"" src=""https://d2pggiv3o55wnc.cloudfront.net/oann/wp-content/uploads/2019/07/2019-07-24T030207Z_1_LYNXNPEF6N04W_RTROPTP_0_SOUTHKOREA-USA-TRUMP_1-298x210.jpg"" class=""attachment-thumbnail size-thumbnail wp-post-image"" alt="""" style=""float:left; margin:0 15px 15px 0;"" srcset=""https://d2pggiv3o55wnc.cloudfront.net/oann/wp-content/uploads/2019/07/2019-07-24T030207Z_1_LYNXNPEF6N04W_RTROPTP_0_SOUTHKOREA-USA-TRUMP_1-298x210.jpg 298w, https://d2pggiv3o55wnc.cloudfront.net/oann/wp-content/uploads/2019/07/2019-07-24T030207Z_1_LYNXNPEF6N04W_RTROPTP_0_SOUTHKOREA-USA-TRUMP_1-768x541.jpg 768w, https://d2pggiv3o55wnc.cloudfront.net/oann/wp-content/uploads/2019/07/2019-07-24T030207Z_1_LYNXNPEF6N04W_RTROPTP_0_SOUTHKOREA-USA-TRUMP_1-620x437.jpg 620w, https://d2pggiv3o55wnc.cloudfront.net/oann/wp-content/uploads/2019/07/2019-07-24T030207Z_1_LYNXNPEF6N04W_RTROPTP_0_SOUTHKOREA-USA-TRUMP_1.jpg 799w"" sizes=""(max-width: 298px) 100vw, 298px"" />By Joyce Lee SEOUL (Reuters) - U.S. national security adviser John Bolton met with South Korean officials on Wednesday to discuss major bilateral issues amid South Korea's trade spat with Japan,",1,OANN
body,fake,source
"Telecoms group Orange second-quarter revenue stabilizes in France on improving market conditions<img width=""315"" height=""210"" src=""https://d2pggiv3o55wnc.cloudfront.net/oann/wp-content/uploads/2019/07/2019-07-25T055323Z_1_LYNXNPEF6O0EY_RTROPTP_0_ORANGE-RESULTS_1-315x210.jpg"" class=""attachment-thumbnail size-thumbnail wp-post-image"" alt="""" style=""float:left; margin:0 15px 15px 0;"" srcset=""https://d2pggiv3o55wnc.cloudfront.net/oann/wp-content/uploads/2019/07/2019-07-25T055323Z_1_LYNXNPEF6O0EY_RTROPTP_0_ORANGE-RESULTS_1-315x210.jpg 315w, https://d2pggiv3o55wnc.cloudfront.net/oann/wp-content/uploads/2019/07/2019-07-25T055323Z_1_LYNXNPEF6O0EY_RTROPTP_0_ORANGE-RESULTS_1-768x512.jpg 768w, https://d2pggiv3o55wnc.cloudfront.net/oann/wp-content/uploads/2019/07/2019-07-25T055323Z_1_LYNXNPEF6O0EY_RTROPTP_0_ORANGE-RESULTS_1-655x437.jpg 655w, https://d2pggiv3o55wnc.cloudfront.net/oann/wp-content/uploads/2019/07/2019-07-25T055323Z_1_LYNXNPEF6O0EY_RTROPTP_0_ORANGE-RESULTS_1.jpg 799w"" sizes=""(max-width: 315px) 100vw, 315px"" />PARIS (Reuters) - French telecoms group Orange  reported slightly better-than-expected sales and profit growth in the second quarter, helped by improving market conditions in its home country",1,OANN
"Nokia second-quarter beats forecasts on rising demand<img width=""315"" height=""210"" src=""https://d2pggiv3o55wnc.cloudfront.net/oann/wp-content/uploads/2019/07/2019-07-25T055428Z_2_LYNXNPEF6O0DK_RTROPTP_0_NOKIA-RESULTS_1-315x210.jpg"" class=""attachment-thumbnail size-thumbnail wp-post-image"" alt="""" style=""float:left; margin:0 15px 15px 0;"" srcset=""https://d2pggiv3o55wnc.cloudfront.net/oann/wp-content/uploads/2019/07/2019-07-25T055428Z_2_LYNXNPEF6O0DK_RTROPTP_0_NOKIA-RESULTS_1-315x210.jpg 315w, https://d2pggiv3o55wnc.cloudfront.net/oann/wp-content/uploads/2019/07/2019-07-25T055428Z_2_LYNXNPEF6O0DK_RTROPTP_0_NOKIA-RESULTS_1-768x511.jpg 768w, https://d2pggiv3o55wnc.cloudfront.net/oann/wp-content/uploads/2019/07/2019-07-25T055428Z_2_LYNXNPEF6O0DK_RTROPTP_0_NOKIA-RESULTS_1-656x437.jpg 656w, https://d2pggiv3o55wnc.cloudfront.net/oann/wp-content/uploads/2019/07/2019-07-25T055428Z_2_LYNXNPEF6O0DK_RTROPTP_0_NOKIA-RESULTS_1.jpg 799w"" sizes=""(max-width: 315px) 100vw, 315px"" />(Reuters) - Finnish telecom network equipment maker Nokia on Thursday reported a surprise rise in quarterly profits, citing rising demand, and stuck to its 2019 forecasts. ",1,OANN
"North Korea test fires short-range missiles, casts doubt on nuclear talks<img width=""315"" height=""210"" src=""https://d2pggiv3o55wnc.cloudfront.net/oann/wp-content/uploads/2019/07/2019-07-24T212756Z_1_LYNXNPEF6N23N_RTROPTP_0_NORTHKOREA-UN_1-315x210.jpg"" class=""attachment-thumbnail size-thumbnail wp-post-image"" alt="""" style=""float:left; margin:0 15px 15px 0;"" srcset=""https://d2pggiv3o55wnc.cloudfront.net/oann/wp-content/uploads/2019/07/2019-07-24T212756Z_1_LYNXNPEF6N23N_RTROPTP_0_NORTHKOREA-UN_1-315x210.jpg 315w, https://d2pggiv3o55wnc.cloudfront.net/oann/wp-content/uploads/2019/07/2019-07-24T212756Z_1_LYNXNPEF6N23N_RTROPTP_0_NORTHKOREA-UN_1-768x512.jpg 768w, https://d2pggiv3o55wnc.cloudfront.net/oann/wp-content/uploads/2019/07/2019-07-24T212756Z_1_LYNXNPEF6N23N_RTROPTP_0_NORTHKOREA-UN_1-655x437.jpg 655w, https://d2pggiv3o55wnc.cloudfront.net/oann/wp-content/uploads/2019/07/2019-07-24T212756Z_1_LYNXNPEF6N23N_RTROPTP_0_NORTHKOREA-UN_1.jpg 799w"" sizes=""(max-width: 315px) 100vw, 315px"" />By Joyce Lee and Hyonhee Shin SEOUL (Reuters) - North Korea fired two short-range missiles on Thursday from its east coast, a South Korean official said, its first missile tests since leader Kim Jong",1,OANN
"MLB roundup: Cards’ DeJong blasts 3 homers<img width=""328"" height=""210"" src=""https://d2pggiv3o55wnc.cloudfront.net/oann/wp-content/uploads/2019/07/2019-07-25T054300Z_1_LYNXNPEF6O0E5_RTROPTP_0_BASEBALL-MLB-PIT-STL_1-328x210.jpg"" class=""attachment-thumbnail size-thumbnail wp-post-image"" alt="""" style=""float:left; margin:0 15px 15px 0;"" srcset=""https://d2pggiv3o55wnc.cloudfront.net/oann/wp-content/uploads/2019/07/2019-07-25T054300Z_1_LYNXNPEF6O0E5_RTROPTP_0_BASEBALL-MLB-PIT-STL_1-328x210.jpg 328w, https://d2pggiv3o55wnc.cloudfront.net/oann/wp-content/uploads/2019/07/2019-07-25T054300Z_1_LYNXNPEF6O0E5_RTROPTP_0_BASEBALL-MLB-PIT-STL_1-768x492.jpg 768w, https://d2pggiv3o55wnc.cloudfront.net/oann/wp-content/uploads/2019/07/2019-07-25T054300Z_1_LYNXNPEF6O0E5_RTROPTP_0_BASEBALL-MLB-PIT-STL_1-683x437.jpg 683w, https://d2pggiv3o55wnc.cloudfront.net/oann/wp-content/uploads/2019/07/2019-07-25T054300Z_1_LYNXNPEF6O0E5_RTROPTP_0_BASEBALL-MLB-PIT-STL_1.jpg 800w"" sizes=""(max-width: 328px) 100vw, 328px"" />Paul DeJong went 4-for-4 with three homers, a double and five RBIs, and the St. Louis Cardinals outslugged the Pittsburgh Pirates 14-8 Wednesday night. ",1,OANN
"Toyota to invest $600 million in China’s Didi, new JV<img width=""342"" height=""210"" src=""https://d2pggiv3o55wnc.cloudfront.net/oann/wp-content/uploads/2019/07/2019-07-25T045839Z_1_LYNXNPEF6O0AV_RTROPTP_0_CHINA-AUTOS-HYBRID_1-342x210.jpg"" class=""attachment-thumbnail size-thumbnail wp-post-image"" alt="""" style=""float:left; margin:0 15px 15px 0;"" srcset=""https://d2pggiv3o55wnc.cloudfront.net/oann/wp-content/uploads/2019/07/2019-07-25T045839Z_1_LYNXNPEF6O0AV_RTROPTP_0_CHINA-AUTOS-HYBRID_1-342x210.jpg 342w, https://d2pggiv3o55wnc.cloudfront.net/oann/wp-content/uploads/2019/07/2019-07-25T045839Z_1_LYNXNPEF6O0AV_RTROPTP_0_CHINA-AUTOS-HYBRID_1-768x471.jpg 768w, https://d2pggiv3o55wnc.cloudfront.net/oann/wp-content/uploads/2019/07/2019-07-25T045839Z_1_LYNXNPEF6O0AV_RTROPTP_0_CHINA-AUTOS-HYBRID_1-713x437.jpg 713w, https://d2pggiv3o55wnc.cloudfront.net/oann/wp-content/uploads/2019/07/2019-07-25T045839Z_1_LYNXNPEF6O0AV_RTROPTP_0_CHINA-AUTOS-HYBRID_1.jpg 799w"" sizes=""(max-width: 342px) 100vw, 342px"" />BEIJING (Reuters) - Toyota Motor Corp said on Thursday it will invest $600 million in Chinese ride-hailing giant Didi Chuxing and a new joint venture to expand collaboration with the firm in China. ",1,OANN
"Asian shares edge up before ECB decision, euro near two-month lows<img width=""294"" height=""210"" src=""https://d2pggiv3o55wnc.cloudfront.net/oann/wp-content/uploads/2019/07/2019-07-25T005733Z_1_LYNXNPEF6O03J_RTROPTP_0_GLOBAL-MARKETS_1-294x210.jpg"" class=""attachment-thumbnail size-thumbnail wp-post-image"" alt="""" style=""float:left; margin:0 15px 15px 0;"" srcset=""https://d2pggiv3o55wnc.cloudfront.net/oann/wp-content/uploads/2019/07/2019-07-25T005733Z_1_LYNXNPEF6O03J_RTROPTP_0_GLOBAL-MARKETS_1-294x210.jpg 294w, https://d2pggiv3o55wnc.cloudfront.net/oann/wp-content/uploads/2019/07/2019-07-25T005733Z_1_LYNXNPEF6O03J_RTROPTP_0_GLOBAL-MARKETS_1-768x548.jpg 768w, https://d2pggiv3o55wnc.cloudfront.net/oann/wp-content/uploads/2019/07/2019-07-25T005733Z_1_LYNXNPEF6O03J_RTROPTP_0_GLOBAL-MARKETS_1-613x437.jpg 613w, https://d2pggiv3o55wnc.cloudfront.net/oann/wp-content/uploads/2019/07/2019-07-25T005733Z_1_LYNXNPEF6O03J_RTROPTP_0_GLOBAL-MARKETS_1.jpg 799w"" sizes=""(max-width: 294px) 100vw, 294px"" />By Swati Pandey and Andrew Galbraith SYDNEY/SHANGHAI (Reuters) - Asian shares rose but struck a more cautious note than a tech-fueled rally on Wall Street, while the euro stayed near two-month lows as",1,OANN
"Two explosions rock Afghan capital after bus blast: officials<img width=""280"" height=""210"" src=""https://d2pggiv3o55wnc.cloudfront.net/oann/wp-content/uploads/2019/07/2019-07-25T052832Z_1_LYNXNPEF6O0DA_RTROPTP_0_AFGHANISTAN-BLAST_1-280x210.jpg"" class=""attachment-thumbnail size-thumbnail wp-post-image"" alt="""" style=""float:left; margin:0 15px 15px 0;"" srcset=""https://d2pggiv3o55wnc.cloudfront.net/oann/wp-content/uploads/2019/07/2019-07-25T052832Z_1_LYNXNPEF6O0DA_RTROPTP_0_AFGHANISTAN-BLAST_1-280x210.jpg 280w, https://d2pggiv3o55wnc.cloudfront.net/oann/wp-content/uploads/2019/07/2019-07-25T052832Z_1_LYNXNPEF6O0DA_RTROPTP_0_AFGHANISTAN-BLAST_1-768x576.jpg 768w, https://d2pggiv3o55wnc.cloudfront.net/oann/wp-content/uploads/2019/07/2019-07-25T052832Z_1_LYNXNPEF6O0DA_RTROPTP_0_AFGHANISTAN-BLAST_1-583x437.jpg 583w, https://d2pggiv3o55wnc.cloudfront.net/oann/wp-content/uploads/2019/07/2019-07-25T052832Z_1_LYNXNPEF6O0DA_RTROPTP_0_AFGHANISTAN-BLAST_1.jpg 800w"" sizes=""(max-width: 280px) 100vw, 280px"" />KABUL (Reuters) - Two explosions went off in the Afghan capital, Kabul, on Thursday, minutes after a bus carrying government employees was hit by a blast, killing five people, government officials",1,OANN
"Euro remains stuck near two-month low as bears await dovish ECB<img width=""315"" height=""210"" src=""https://d2pggiv3o55wnc.cloudfront.net/oann/wp-content/uploads/2019/07/2019-07-25T011145Z_1_LYNXNPEF6O040_RTROPTP_0_CROATIA-EURO_1-315x210.jpg"" class=""attachment-thumbnail size-thumbnail wp-post-image"" alt="""" style=""float:left; margin:0 15px 15px 0;"" srcset=""https://d2pggiv3o55wnc.cloudfront.net/oann/wp-content/uploads/2019/07/2019-07-25T011145Z_1_LYNXNPEF6O040_RTROPTP_0_CROATIA-EURO_1-315x210.jpg 315w, https://d2pggiv3o55wnc.cloudfront.net/oann/wp-content/uploads/2019/07/2019-07-25T011145Z_1_LYNXNPEF6O040_RTROPTP_0_CROATIA-EURO_1-768x512.jpg 768w, https://d2pggiv3o55wnc.cloudfront.net/oann/wp-content/uploads/2019/07/2019-07-25T011145Z_1_LYNXNPEF6O040_RTROPTP_0_CROATIA-EURO_1-655x437.jpg 655w, https://d2pggiv3o55wnc.cloudfront.net/oann/wp-content/uploads/2019/07/2019-07-25T011145Z_1_LYNXNPEF6O040_RTROPTP_0_CROATIA-EURO_1.jpg 799w"" sizes=""(max-width: 315px) 100vw, 315px"" />By Stanley White TOKYO (Reuters) - The euro was mired near a two-month low on Thursday before a European Central Bank meeting that could signal monetary easing as growth in the currency zone falters.",1,OANN
"Oil crawls up amid Mideast tensions; weak demand outlook caps gains<img width=""304"" height=""210"" src=""https://d2pggiv3o55wnc.cloudfront.net/oann/wp-content/uploads/2019/07/2019-07-25T013040Z_1_LYNXNPEF6O056_RTROPTP_0_GLOBAL-PETROLEUM_1-304x210.jpg"" class=""attachment-thumbnail size-thumbnail wp-post-image"" alt="""" style=""float:left; margin:0 15px 15px 0;"" srcset=""https://d2pggiv3o55wnc.cloudfront.net/oann/wp-content/uploads/2019/07/2019-07-25T013040Z_1_LYNXNPEF6O056_RTROPTP_0_GLOBAL-PETROLEUM_1-304x210.jpg 304w, https://d2pggiv3o55wnc.cloudfront.net/oann/wp-content/uploads/2019/07/2019-07-25T013040Z_1_LYNXNPEF6O056_RTROPTP_0_GLOBAL-PETROLEUM_1-768x530.jpg 768w, https://d2pggiv3o55wnc.cloudfront.net/oann/wp-content/uploads/2019/07/2019-07-25T013040Z_1_LYNXNPEF6O056_RTROPTP_0_GLOBAL-PETROLEUM_1-633x437.jpg 633w, https://d2pggiv3o55wnc.cloudfront.net/oann/wp-content/uploads/2019/07/2019-07-25T013040Z_1_LYNXNPEF6O056_RTROPTP_0_GLOBAL-PETROLEUM_1.jpg 800w"" sizes=""(max-width: 304px) 100vw, 304px"" />By Koustav Samanta and Aaron Sheldrick SINGAPORE/TOKYO (Reuters) - Oil prices nudged higher on Thursday amid Middle East tensions and after weekly U.S. crude stocks dropped more than expected, but",1,OANN
"China, Malaysia restart massive ‘Belt and Road’ project after hiccups<img width=""315"" height=""210"" src=""https://d2pggiv3o55wnc.cloudfront.net/oann/wp-content/uploads/2019/07/2019-07-25T050414Z_1_LYNXNPEF6O0BA_RTROPTP_0_MALAYSIA-POLITICS-CHINA_1-315x210.jpg"" class=""attachment-thumbnail size-thumbnail wp-post-image"" alt="""" style=""float:left; margin:0 15px 15px 0;"" srcset=""https://d2pggiv3o55wnc.cloudfront.net/oann/wp-content/uploads/2019/07/2019-07-25T050414Z_1_LYNXNPEF6O0BA_RTROPTP_0_MALAYSIA-POLITICS-CHINA_1-315x210.jpg 315w, https://d2pggiv3o55wnc.cloudfront.net/oann/wp-content/uploads/2019/07/2019-07-25T050414Z_1_LYNXNPEF6O0BA_RTROPTP_0_MALAYSIA-POLITICS-CHINA_1-768x512.jpg 768w, https://d2pggiv3o55wnc.cloudfront.net/oann/wp-content/uploads/2019/07/2019-07-25T050414Z_1_LYNXNPEF6O0BA_RTROPTP_0_MALAYSIA-POLITICS-CHINA_1-655x437.jpg 655w, https://d2pggiv3o55wnc.cloudfront.net/oann/wp-content/uploads/2019/07/2019-07-25T050414Z_1_LYNXNPEF6O0BA_RTROPTP_0_MALAYSIA-POLITICS-CHINA_1.jpg 799w"" sizes=""(max-width: 315px) 100vw, 315px"" />By Joseph Sipalan DUNGUN, Malaysia (Reuters) - China and Malaysia resumed construction on a massive ""Belt and Road"" train project in northern Malaysia on Thursday, after a year-long suspension and",1,OANN
